{"  B1855+09": 0.9130832570905765, "J0030+0451": 82.63999999999996, "J0613-0200": 5.554858934169278, "J1012+5307": 4.3478260869565215, "J1024-0719": 0.576328684508104, "J1455-3330": 1.2802617230098143, "J1600-3053": 0.4887860448558206, "J1614-2230": 1.025181598062954, "J1640+2224": 1.244766505636071, "J1713+0747": 0.12783171521035597, "J1741+1351": 0.8931643277501132, "J1744-1134": 3.144697720515361, "J1853+1303": 1.0920460230115057, "J1909-3744": 231.33333333333488, "J1918-0642": 9.834196891191711, "J2010-1323": 3.249999999999999, "J2145-0750": 13.47058823529412, "J2317+1439": 0.2307239552678046}