{"B1855+09": 0.6478695942018615, "B1937+21": 0.6132429731996533, "B1953+29": 0.632226195523359, "J0023+0923": 0.5662636212051828, "J0030+0451": 0.6189847386995229, "J0340+4130": 0.5874915750356396, "J0613-0200": 0.7168643322629141, "J0645+5158": 0.5210435001128795, "J1012+5307": 0.9060919277965842, "J1024-0719": 0.6341290974603181, "J1455-3330": 0.5948190282988909, "J1600-3053": 0.4637966067126915, "J1614-2230": 0.46224767066444794, "J1640+2224": 0.5328124686749793, "J1643-1224": 0.7490428472509455, "J1713+0747": 0.5897394246570131, "J1738+0333": 0.590149482814357, "J1741+1351": 0.485384681224469, "J1744-1134": 3.585390803085768, "J1747-4036": 1.6495632521986918, "J1853+1303": 0.5000007867811027, "J1903+0327": 0.6646946192357075, "J1909-3744": 1.3798393553723767, "J1910+1256": 0.5731617309208616, "J1918-0642": 0.48379162965221256, "J1923+2515": 0.5348294886729363, "J1944+0907": 0.6318720533915695, "J2010-1323": 0.4969751813387475, "J2017+0603": 0.5761684729084458, "J2043+1711": 0.462667248811612, "J2145-0750": 0.948924288022165, "J2214+3000": 0.6080967084766287, "J2302+4442": 0.6153581645734201, "J2317+1439": 0.5058361620928943}